{"chunk_definitions":[{"row":31,"row_count":1,"visible":true,"expansion_state":0,"options":{"engine":"r","label":"setup","include":false},"document_id":"3925BA2F","chunk_id":"cabmonz9koqwe","chunk_label":"unnamed-chunk-1"},{"row":46,"row_count":1,"visible":true,"expansion_state":0,"options":{"engine":"r","label":"r-setup","echo":false},"document_id":"3925BA2F","chunk_id":"cg46mdoz51s4n","chunk_label":"r-setup"},{"row":51,"row_count":1,"visible":true,"expansion_state":0,"options":{"engine":"r","echo":false,"label":"unnamed-chunk-1"},"document_id":"3925BA2F","chunk_id":"cvk7ba7h8n8h3","chunk_label":"unnamed-chunk-2"},{"row":182,"row_count":1,"visible":true,"expansion_state":0,"options":{"engine":"r","label":"chart"},"document_id":"3925BA2F","chunk_id":"chjiihdbpg9to","chunk_label":"chart"},{"row":190,"row_count":1,"visible":true,"expansion_state":0,"options":{"engine":"r","results":"hide","error":false,"label":"unnamed-chunk-12"},"document_id":"3925BA2F","chunk_id":"c5i1byakmmenl","chunk_label":"unnamed-chunk-4"},{"row":193,"row_count":1,"visible":true,"expansion_state":0,"options":{"engine":"r","error":false,"label":"unnamed-chunk-15"},"document_id":"3925BA2F","chunk_id":"cw25zmiige8pc","chunk_label":"unnamed-chunk-5"},{"row":218,"row_count":1,"visible":true,"expansion_state":0,"options":{"engine":"r","label":"index-disc"},"document_id":"3925BA2F","chunk_id":"ctfmswqgix79u","chunk_label":"unnamed-chunk-6"},{"row":228,"row_count":1,"visible":true,"expansion_state":0,"options":{"engine":"r","label":"category-disc"},"document_id":"3925BA2F","chunk_id":"ct6wynzvbqwoi","chunk_label":"category-disc"},{"row":279,"row_count":1,"visible":true,"expansion_state":0,"options":{"engine":"r","label":"unnamed-chunk-16"},"document_id":"3925BA2F","chunk_id":"cxavhusp5ddp6","chunk_label":"unnamed-chunk-7"},{"row":288,"row_count":1,"visible":true,"expansion_state":0,"options":{"engine":"r","label":"unnamed-chunk-17"},"document_id":"3925BA2F","chunk_id":"c2rrqy70lnlat","chunk_label":"unnamed-chunk-8"},{"row":297,"row_count":1,"visible":true,"expansion_state":0,"options":{"engine":"r","label":"bardbn","results":"hide","fig.caption":"Frequency distribution of words listed in the wordcloud"},"document_id":"3925BA2F","chunk_id":"ctmp0x4b79l6r","chunk_label":"bardbn"}],"doc_write_time":1673450375,"working_dir":null,"default_chunk_options":{"error":false},"chunk_rendered_width":700}