"0",""
"0","titler <- function(title) {"
"0","  textGrob(title, "
"0","           x = unit(0, ""npc""), "
"0","           hjust = 0, "
"0","           vjust = 0,"
"0","           gp = gpar(fontsize = 12, fontfamily = ""Lato""))"
"0",""
"0","}"
"0",""
"0","subtitler <- function(subtitle) {"
"0","  textGrob(subtitle, "
"0","           x = unit(0, ""npc""), "
"0","           hjust = 0, "
"0","           vjust = 0,"
"0","           gp = gpar(fontsize = 9.5, fontfamily = ""Lato""))"
"0","}"
"0","  "
"0","sourcer <- function(source) {"
"0","  grobTree("
"0","    textGrob(""Source: "", "
"0","             name = ""source1"","
"0","             x = unit(0, ""npc""), "
"0","             hjust = 0, "
"0","             vjust = 0,"
"0","             gp = gpar(fontsize = 8, fontfamily = ""Lato"", fontface = ""bold"")),"
"0","    textGrob(source, "
"0","             x = unit(0, ""npc"") + grobWidth(""source1""), "
"0","             hjust = 0, "
"0","             vjust = 0,"
"0","             gp = gpar(fontsize = 8, fontfamily = ""Lato""))"
"0","  )"
"0","}"
"0",""
"0","noter <- function(endnote) {"
"0","  grobTree("
"0","    textGrob(""Notes: "", "
"0","             name = ""note1"","
"0","             x = unit(0, ""npc""), "
"0","             hjust = 0, "
"0","             vjust = 0,"
"0","             gp = gpar(fontsize = 8, fontfamily = ""Lato"", fontface = ""bold"")),"
"0","    textGrob(endnote, "
"0","             x = unit(0, ""npc"") + grobWidth(""note1""), "
"0","             hjust = 0, "
"0","             vjust = 0,"
"0","             gp = gpar(fontsize = 8, fontfamily = ""Lato""))"
"0","  )"
"0","}"
"0",""
"0","caption <- grobTree("
"0","  gp = gpar(fontsize = 7, hjust = 1), "
"0","  textGrob(label = ""I Q A C"", "
"0","           name = ""caption1"","
"0","           x = unit(1, ""npc""),  "
"0","           y = unit(0, ""npc""),"
"0","           hjust = 1, "
"0","           vjust = 0),"
"0","  textGrob(label = ""S A I N T G I T S  "", "
"0","           x = unit(1, ""npc"") - grobWidth(""caption1"") - unit(0.01, ""lines""),         "
"0","           y = unit(0, ""npc""), "
"0","           hjust = 1, "
"0","           vjust = 0, "
"0","           gp = gpar(col = ""#1696d2""))"
"0",")"
"0",""
"0","plotr <- function(plot, title = NULL, subtitle = NULL, "
"0","                  source = ""library(fivethirtyeight)"","
"0","                  endnote = """") {"
"0","  grid.arrange(titler(title), "
"0","              subtitler(subtitle), "
"0","              plot, "
"0","              caption, "
"0","              sourcer(source), "
"0","              noter(endnote),"
"0","              heights = c(1.5, 1, 25, 1, 1, 1)) "
"0","}"
"0",""
